scorer,,,DJ,DJ,DJ,DJ,DJ,DJ,DJ,DJ,DJ,DJ,DJ,DJ,DJ,DJ,DJ,DJ
individuals,,,sub1,sub1,sub1,sub1,sub1,sub1,sub1,sub1,sub2,sub2,sub2,sub2,sub2,sub2,sub2,sub2
bodyparts,,,snout,snout,leftear,leftear,rightear,rightear,tailbase,tailbase,snout,snout,leftear,leftear,rightear,rightear,tailbase,tailbase
coords,,,x,y,x,y,x,y,x,y,x,y,x,y,x,y,x,y
labeled-data,rpicam-01_1806_20210722_212134,img00053.png,917.6009842175763,376.8245588492225,973.5092015607713,325.1094578067672,918.9986896511562,312.53010890454823,934.3734494205348,175.55497641372062,1083.9279308135813,446.7098305282161,1106.2912177508592,341.8819230097257,1043.394473239765,343.27962844330546,1032.2128297711258,241.24713179197477
labeled-data,rpicam-01_1806_20210722_212134,img00266.png,851.9088288393223,204.906790518898,899.4308135810379,210.49761225321754,914.8055733504166,178.35038728088045,1008.451837400268,333.49569040824633,133.48823597926747,238.45172092481494,98.54560013977067,284.57600023295083,150.260701182226,255.22418612777346,161.44234465086498,449.50524139537595
labeled-data,rpicam-01_1806_20210722_212134,img00340.png,844.920301671423,199.31596878457856,902.2262244481976,232.8608991904955,913.4078679168367,179.7480927144603,1018.2357754353272,334.8933958418263,148.86299574864603,773.7729019859066,158.64693378370515,738.8302661464097,126.49970881136807,737.4325607128299,126.49970881136807,552.9354434802865
labeled-data,rpicam-01_1806_20210722_212134,img00379.png,849.1134179721626,207.70220138605782,900.8285190146178,232.8608991904955,913.4078679168367,185.33891444877975,1029.417418903966,308.33699260380865,1103.4958068836995,459.28917943043496,,,1075.541698212102,457.8914739968551,874.2721157766002,473.26623376623377
labeled-data,rpicam-01_1806_20210722_212134,img00512.png,1079.7348145128417,557.1285597810262,1044.7921786733448,470.47082289907394,1002.8610156659486,527.7767456758488,,,1053.178411274824,372.6314425484828,1064.360054743463,280.38288393221114,1035.0082406382858,308.33699260380865,825.3524256013047,200.71367421815842
labeled-data,rpicam-01_1806_20210722_212134,img00551.png,790.4097897618078,383.8130860171218,864.4881777415412,410.36948925513934,847.7157125385827,322.31404693960735,1021.031186302487,392.19931861860107,990.2816667637298,358.6543882126841,1025.2243026032265,249.63336439345403,949.7482091899135,234.25860462407536,816.9661929998256,199.31596878457856
labeled-data,rpicam-01_1806_20210722_212134,img00603.png,927.3849222526355,397.7901403529206,990.2816667637298,351.6658610447847,938.5665657212744,327.9048686739269,898.033108147458,176.9526818473006,,,,,1050.3830004076642,341.8819230097256,,
labeled-data,rpicam-01_1806_20210722_212134,img00692.png,900.8285190146178,329.30257410750676,980.4977287286706,305.54158173664894,935.7711548541147,262.21271329567287,927.3849222526355,174.15727098014077,962.3275580921322,470.47082289907394,1037.8036515054455,448.107535961796,997.2701939316291,374.0291479820627,,
labeled-data,rpicam-01_1806_20210722_212134,img01033.png,881.2606429444995,325.1094578067672,949.7482091899135,313.9278143381282,920.396395084736,251.0310698270339,1039.2013569390253,473.26623376623377,1051.780705841244,432.7327761924174,1001.4633102323687,453.6983576961155,,,,
labeled-data,rpicam-01_1806_20210722_212134,img01093.png,893.8399918467185,306.9392871702288,965.1229689592919,297.1553491351697,924.5895113854756,238.45172092481494,913.4078679168367,431.33507075883756,1009.8495428338479,428.53965989167784,969.3160852600317,358.6543882126841,,,,
labeled-data,rpicam-01_1806_20210722_212134,img01252.png,970.7137906936116,168.56644924582133,956.7367363578128,182.54350358162003,995.8724884980493,197.9182633509987,1022.4288917360668,374.0291479820627,1015.4403645681675,214.69072855395711,1026.6220080368064,245.44024809271434,1044.7921786733448,245.44024809271434,1053.178411274824,385.21079145070166
labeled-data,rpicam-01_1806_20210722_212134,img01926.png,860.2950614408016,383.8130860171218,932.975743986955,381.0176751499621,900.8285190146178,313.9278143381282,1060.1669384427234,392.19931861860107,,,,,1021.031186302487,301.34846543590925,,
labeled-data,rpicam-01_1806_20210722_212134,img01998.png,878.4652320773398,343.27962844330546,944.1573874555938,365.64291538058353,935.7711548541147,285.9737056665307,1057.3715275755637,404.7786675208199,,,,,,,885.4537592452393,209.09990681963768
labeled-data,rpicam-01_1806_20210722_212134,img02023.png,856.1019451400618,285.9737056665307,928.7826276862154,326.50716324034704,942.759682022014,274.7920621978917,1051.780705841244,400.58555122008033,,,,,,,918.9986896511562,206.30449595247785
labeled-data,rpicam-01_1806_20210722_212134,img02105.png,808.5799603983462,263.61041872925273,872.8744103430204,327.9048686739269,900.8285190146178,263.61041872925273,1047.5875895405045,392.19931861860107,1032.2128297711258,295.7576437015898,1025.2243026032265,202.11137965173828,1022.4288917360668,238.45172092481494,843.5225962378431,169.9641546794012
labeled-data,rpicam-01_1806_20210722_212134,img02201.png,836.5340690699436,245.44024809271434,898.033108147458,283.178294799371,918.9986896511562,227.27007745617595,1046.1898841069246,385.21079145070166,411.63161726166226,618.6275988585405,572.3677421233476,740.2279715799896,612.901199697164,593.4689010541028,867.2835886087009,589.2757847533633
labeled-data,rpicam-01_1806_20210722_212134,img02213.png,853.3065342729021,246.8379535262942,909.2147516160971,290.16682196727027,923.1918059518957,235.65631005765522,1043.394473239765,399.1878457865005,,,,,,,130.69282511210776,565.5147923825054
labeled-data,rpicam-01_1806_20210722_212134,img02373.png,891.0445809795588,378.22226428280237,976.304612427931,389.40390775144135,941.3619765884341,316.7232252052879,1033.610535204706,305.54158173664894,,,,,,,1071.3485819113623,473.26623376623377
labeled-data,rpicam-01_1806_20210722_212134,img02390.png,882.6583483780796,381.0176751499621,970.7137906936116,372.6314425484828,925.9872168190557,297.1553491351697,1033.610535204706,292.9622328344301,991.6793721973097,196.52055791741873,966.5206743928718,168.56644924582133,986.08855046299,217.48613942111683,761.0579756566306,246.8379535262942
labeled-data,rpicam-01_1806_20210722_212134,img02589.png,809.9776658319261,312.53010890454823,885.4537592452393,374.0291479820627,891.0445809795588,283.178294799371,1041.996767806185,390.8016131850212,1090.9164579814806,281.7805893657911,1033.610535204706,246.8379535262942,1022.4288917360668,277.5874730650514,808.5799603983462,155.9871003436025
labeled-data,rpicam-01_1806_20210722_212134,img02626.png,809.9776658319261,319.51863607244763,888.249170112399,378.22226428280237,895.2376972802983,287.37141110011055,1044.7921786733448,393.5970240521809,1083.9279308135813,341.8819230097256,1057.3715275755637,274.7920621978917,1028.0197134703863,319.51863607244763,819.7616038669853,188.13432531593958
labeled-data,rpicam-01_1806_20210722_212134,img02673.png,805.7845495311865,320.9163415060275,885.4537592452393,369.8360316813231,892.4422864131386,284.57600023295083,1043.394473239765,396.39243491934064,1026.6220080368064,320.9163415060275,1030.815124337546,259.41730242851304,1023.8265971696467,292.9622328344301,811.3753712655059,171.36186011298105
labeled-data,rpicam-01_1806_20210722_212134,img02740.png,857.4996505736417,278.9851784986313,913.4078679168367,354.46127191194444,935.7711548541147,278.9851784986313,1053.178411274824,400.58555122008033,983.2931395958303,365.64291538058353,1035.0082406382858,280.38288393221114,960.9298526585524,255.22418612777346,899.4308135810379,176.9526818473006
labeled-data,rpicam-01_1806_20210722_212134,img02809.png,868.6812940422808,350.26815561120486,962.3275580921322,374.0291479820627,937.1688602876945,291.56452740085024,1051.780705841244,401.9832566536602,1033.610535204706,393.5970240521809,1048.9852949740844,299.9507600023294,990.2816667637298,330.7002795410866,886.8514646788192,179.7480927144603
labeled-data,rpicam-01_1806_20210722_212134,img02862.png,851.9088288393223,302.7461708694892,925.9872168190557,341.8819230097256,921.7941005183159,283.178294799371,1050.3830004076642,397.7901403529206,1051.780705841244,325.1094578067672,1029.417418903966,255.22418612777346,1018.2357754353272,323.7117523731873,874.2721157766002,179.7480927144603
labeled-data,rpicam-01_1806_20210722_212134,img02908.png,895.2376972802983,369.8360316813231,987.4862558965699,376.8245588492225,955.3390309242329,302.7461708694892,1053.178411274824,400.58555122008033,1055.9738221419839,285.9737056665307,1008.451837400268,203.50908508531813,1028.0197134703863,235.65631005765522,798.7960223632872,171.36186011298105
labeled-data,rpicam-01_1806_20210722_212134,img02999.png,984.6908450294102,441.1190087938967,1040.5990623726052,410.36948925513946,983.2931395958303,360.052093646264,1040.5990623726052,287.37141110011055,63.60296430027387,411.7671946887193,35.64885562867636,538.9583891444878,81.77313493681214,501.22034243783116,213.1574456933202,801.727010657504
labeled-data,rpicam-01_1806_20210722_212134,img03137.png,898.033108147458,306.9392871702288,979.1000232950908,353.0635664783646,972.1114961271915,283.178294799371,1051.780705841244,302.7461708694892,,,,,,,119.51118164346877,650.7748238308777
labeled-data,rpicam-01_1806_20210722_212134,img03156.png,916.2032787839964,304.1438763030691,986.08855046299,350.26815561120486,976.304612427931,277.5874730650514,1039.2013569390253,302.7461708694892,682.7864713761576,786.3522508881254,650.6392464038206,782.1591345873858,583.5493855919867,856.2375225671191,129.2951196785279,599.0597227884223
labeled-data,rpicam-01_1806_20210722_212134,img03215.png,1000.0656047987889,466.27770659833436,1043.394473239765,401.9832566536602,980.4977287286706,383.8130860171218,980.4977287286706,271.996651330732,1131.449915555297,453.6983576961155,1086.723341680741,448.107535961796,1107.688923184439,545.9469163123872,865.8858831751211,671.7404053345758
labeled-data,rpicam-01_1806_20210722_212134,img03236.png,927.3849222526355,383.8130860171218,997.2701939316291,389.40390775144135,976.304612427931,322.31404693960735,1019.6334808689071,284.57600023295083,907.8170461825173,889.782452973036,958.1344417913926,836.6696464970009,889.6468755459789,849.2489953992197,924.5895113854756,566.9124978160853
labeled-data,rpicam-01_1806_20210722_212134,img03327.png,934.3734494205348,355.8589773455244,1014.0426591345877,374.0291479820627,983.2931395958303,302.7461708694892,1037.8036515054455,305.54158173664894,709.3428746141753,446.7098305282161,782.0235571603287,347.47274474404514,685.5818822433173,309.7346980373885,740.0923941529325,140.61234057422382
labeled-data,rpicam-01_1806_20210722_212134,img03433.png,925.9872168190557,355.8589773455244,1004.2587210995284,353.0635664783646,974.9069069943512,294.35993826800996,1032.2128297711258,284.57600023295083,1083.9279308135813,480.25476093413306,1016.8380700017474,450.9029468289558,1040.5990623726052,520.7882185079494,783.4212625939085,450.9029468289558
labeled-data,rpicam-01_1806_20210722_212134,img03439.png,932.975743986955,353.0635664783646,997.2701939316291,358.6543882126841,972.1114961271915,287.37141110011055,1014.0426591345877,277.5874730650514,1114.6774503523384,452.30065226253566,1050.3830004076642,393.5970240521809,1075.541698212102,455.0960631296954,797.3983169297073,441.1190087938967
labeled-data,rpicam-01_1806_20210722_212134,img03449.png,931.5780385533751,353.0635664783646,1011.2472482674277,358.6543882126841,972.1114961271915,288.7691165336904,1023.8265971696467,276.18976763147157,1109.086628618019,445.31212509463626,1030.815124337546,378.22226428280237,1062.9623493098832,436.925892493157,828.1478364684644,452.30065226253566
labeled-data,rpicam-01_1806_20210722_212134,img03470.png,925.9872168190557,355.8589773455244,1000.0656047987889,360.052093646264,965.1229689592919,298.55305456874953,1015.4403645681675,280.38288393221114,809.9776658319261,766.7843748180071,903.6239298817777,766.7843748180071,840.7271853706834,744.4210878807291,846.3180071050028,429.9373653252577
labeled-data,rpicam-01_1806_20210722_212134,img03482.png,932.975743986955,358.6543882126841,1004.2587210995284,364.24520994700356,969.3160852600317,291.56452740085024,1029.417418903966,281.7805893657911,681.3887659425777,811.5109486925631,740.0923941529325,852.0444062663795,748.4786267544116,769.5797856851669,967.9183798264517,677.3312270688953
labeled-data,rpicam-01_1806_20210722_212134,img03597.png,928.7826276862154,362.8475045134237,1011.2472482674277,368.43832624774325,973.5092015607713,288.7691165336904,1036.4059460718656,294.35993826800996,871.4767049094405,797.5338943567644,945.5550928891737,804.5224215246637,918.9986896511562,759.7958476501078,1065.7577601770429,635.400064061499
labeled-data,rpicam-01_1806_20210722_212134,img03647.png,930.1803331197953,360.052093646264,1004.2587210995284,365.64291538058353,965.1229689592919,287.37141110011055,1021.031186302487,284.57600023295083,1233.4824122066277,920.5319725117934,1156.6086133597346,916.3388562110537,1216.7099470036692,856.2375225671191,1057.3715275755637,773.7729019859066
labeled-data,rpicam-01_1806_20210722_212134,img03890.png,955.3390309242329,413.1649001222992,1018.2357754353272,385.21079145070166,959.5321472249725,332.0979849746665,991.6793721973097,253.8264806941936,531.8342845495313,410.36948925513946,679.9910605089979,369.8360316813231,619.8897268650633,270.59894589715213,889.6468755459789,231.46319375691564
labeled-data,rpicam-01_1806_20210722_212134,img03905.png,963.7252635257121,415.9603109894589,1022.4288917360668,383.8130860171218,958.1344417913926,333.49569040824633,998.667899365209,258.0195969949332,572.3677421233476,386.60849688428164,664.6163007396192,227.27007745617595,496.89164871003453,224.47466658901624,742.8878050200922,129.43069710558484
labeled-data,rpicam-01_1806_20210722_212134,img04006.png,952.5436200570732,407.57407838797974,1016.8380700017474,376.8245588492225,965.1229689592919,327.9048686739269,986.08855046299,256.6218915613533,526.2434628152118,506.8111641721507,649.2415409702407,316.7232252052879,453.56278026905846,295.7576437015898,679.9910605089979,168.56644924582133
labeled-data,rpicam-01_1806_20210722_212134,img04039.png,948.3505037563336,413.1649001222992,1008.451837400268,379.61996971638223,960.9298526585524,325.1094578067672,1028.0197134703863,266.40582959641245,801.5914332304469,204.906790518898,907.8170461825173,237.05401549123508,857.4996505736417,158.7825112107622,1012.6449537010078,230.06548832333579
labeled-data,rpicam-01_1806_20210722_212134,img04093.png,966.5206743928718,401.9832566536602,1019.6334808689071,386.60849688428164,,,1036.4059460718656,285.9737056665307,944.1573874555938,431.33507075883756,1000.0656047987889,343.27962844330546,902.2262244481976,319.51863607244763,896.6354027138782,175.55497641372062
labeled-data,rpicam-01_1806_20210722_212134,img04340.png,984.6908450294102,407.57407838797974,1041.996767806185,357.25668277910427,959.5321472249725,325.1094578067672,988.8839613301498,246.8379535262942,158.64693378370515,805.9201269582436,161.44234465086498,780.7614291538059,136.2836468464272,750.0119096150487,,
labeled-data,rpicam-01_1806_20210722_212134,img04512.png,1068.5531710442026,421.55113272377844,1090.9164579814806,365.64291538058353,1037.8036515054455,332.0979849746665,1005.6564265331083,374.0291479820627,229.92991089627873,642.3885912293985,246.70237609923726,634.0023586279192,221.54367829479946,573.9010249839846,572.3677421233476,379.61996971638223
labeled-data,rpicam-01_1806_20210722_212134,img04647.png,1085.3256362471611,386.60849688428164,1089.5187525479007,325.10945780676707,1050.3830004076644,309.7346980373885,966.5206743928718,206.30449595247796,1037.8036515054455,470.47082289907394,1055.9738221419839,446.7098305282161,1019.6334808689071,456.49376856327524,882.6583483780796,214.69072855395711
labeled-data,rpicam-01_1806_20210722_212134,img05003.png,885.4537592452393,341.8819230097256,966.5206743928718,312.53010890454823,902.2262244481976,259.41730242851304,965.1229689592919,182.54350358162003,984.6908450294102,223.07696115543638,1021.031186302487,241.24713179197477,1043.394473239765,255.22418612777346,960.9298526585524,411.7671946887193
labeled-data,rpicam-01_1806_20210722_212134,img05024.png,860.2950614408016,381.0176751499621,952.5436200570732,362.8475045134237,888.249170112399,302.7461708694892,920.396395084736,174.15727098014077,,,998.667899365209,235.65631005765522,,,952.5436200570732,442.51671422747654
labeled-data,rpicam-01_1806_20210722_212134,img05092.png,906.4193407489374,312.53010890454823,986.08855046299,316.7232252052879,952.5436200570732,266.40582959641245,1028.0197134703863,213.29302312037726,183.80563158814294,884.1916312387166,158.64693378370515,849.2489953992197,,,147.46529031506617,652.1725292644576
labeled-data,rpicam-01_1806_20210722_212134,img05345.png,955.3390309242329,682.9220488032147,1001.4633102323687,625.6161260264399,951.1459146234934,643.7862966629783,877.06752664376,386.60849688428164,1002.8610156659486,397.7901403529206,1008.451837400268,302.7461708694892,951.1459146234934,329.30257410750676,898.033108147458,165.77103837866161
labeled-data,rpicam-01_1806_20210722_212134,img05943.png,942.759682022014,417.35801642303875,1011.2472482674277,372.6314425484828,963.7252635257121,368.43832624774325,928.7826276862154,179.7480927144603,805.7845495311865,784.9545454545455,,,,,,
labeled-data,rpicam-01_1806_20210722_212134,img06023.png,1081.1325199464216,357.25668277910427,1033.610535204706,361.44979907984384,1035.0082406382858,298.55305456874953,854.704239706482,237.05401549123508,,,,,,,,
labeled-data,rpicam-01_1806_20210722_212134,img06059.png,882.6583483780796,291.56452740085024,893.8399918467185,344.6773338768854,921.7941005183159,287.37141110011055,1046.1898841069246,407.57407838797974,,,,,,,977.7023178615109,224.47466658901624
labeled-data,rpicam-01_1806_20210722_212134,img06223.png,960.9298526585524,434.1304816259973,1022.4288917360668,375.42685341564254,963.7252635257121,365.64291538058353,884.0560538116595,185.33891444877975,1082.5302253800014,441.1190087938967,1100.7003960165398,396.39243491934064,1055.9738221419839,390.8016131850212,1007.0541319666881,223.07696115543638
labeled-data,rpicam-01_1806_20210722_212134,img06314.png,997.2701939316291,432.7327761924174,1023.8265971696467,355.8589773455244,974.9069069943512,383.8130860171218,891.0445809795588,185.33891444877975,,,,,,,,
labeled-data,rpicam-01_1806_20210722_212134,img06475.png,696.7635257119564,427.14195445809787,787.6143788946481,448.107535961796,748.4786267544116,350.26815561120486,979.1000232950908,431.33507075883756,839.3294799371035,287.37141110011055,913.4078679168367,302.7461708694892,889.6468755459789,234.25860462407536,979.1000232950908,234.25860462407536
labeled-data,rpicam-01_1806_20210722_212134,img06485.png,681.3887659425777,403.38096208724005,782.0235571603287,445.31212509463626,769.4442082581097,347.47274474404514,980.4977287286706,432.7327761924174,840.7271853706834,301.34846543590925,913.4078679168367,309.7346980373885,881.2606429444995,231.46319375691564,1007.0541319666881,265.0081241628326
labeled-data,rpicam-01_1806_20210722_212134,img06632.png,712.1382854813351,517.9928076407897,796.0006114961275,497.0272261370916,726.1153398171336,406.17637295439977,969.3160852600317,406.17637295439977,840.7271853706834,274.7920621978917,917.6009842175763,299.9507600023294,907.8170461825173,241.24713179197477,1015.4403645681675,270.59894589715213
labeled-data,rpicam-01_1806_20210722_212134,img06655.png,705.1497583134355,522.1859239415293,796.0006114961275,499.8226370042513,716.3314017820746,401.9832566536602,967.9183798264517,403.38096208724005,850.5111234057424,290.16682196727027,920.396395084736,301.34846543590925,903.6239298817777,245.44024809271434,967.9183798264517,245.44024809271434
labeled-data,rpicam-01_1806_20210722_212134,img06724.png,765.2510919573701,439.7213033603168,835.1363636363637,456.49376856327524,798.7960223632872,381.0176751499621,998.667899365209,374.0291479820627,846.3180071050028,270.59894589715213,843.5225962378431,271.996651330732,909.2147516160971,230.06548832333579,1023.8265971696467,276.18976763147157
labeled-data,rpicam-01_1806_20210722_212134,img06775.png,829.5455419020445,258.0195969949333,888.249170112399,214.69072855395711,907.8170461825173,287.37141110011055,1029.417418903966,312.53010890454823,1075.5416982121021,477.45935006697334,1002.8610156659486,488.6409935356123,1036.4059460718656,406.1763729543999,794.6029060625474,351.6658610447847
labeled-data,rpicam-01_1806_20210722_212134,img06888.png,818.3638984334054,227.27007745617595,877.06752664376,280.38288393221114,924.5895113854756,227.27007745617595,974.9069069943512,478.8570555005532,793.2052006289675,304.1438763030691,,,,,977.7023178615109,237.05401549123508
labeled-data,rpicam-01_1806_20210722_212134,img07000.png,832.340952769204,308.33699260380865,921.7941005183159,283.178294799371,867.2835886087009,221.67925572185652,1005.6564265331083,258.0195969949332,878.4652320773398,446.7098305282161,962.3275580921322,470.47082289907394,895.2376972802983,418.7557218566187,1044.7921786733448,332.0979849746665
labeled-data,rpicam-01_1806_20210722_212134,img07374.png,840.7271853706834,301.34846543590925,928.7826276862154,281.7805893657911,884.0560538116595,220.28155028827666,1005.6564265331083,241.24713179197477,175.41939898666368,768.1820802515871,172.62398811950396,743.0233824471493,141.87446858074674,740.2279715799896,127.89741424494792,569.707908683245
labeled-data,rpicam-01_1806_20210722_212134,img07390.png,857.4996505736417,299.9507600023294,930.1803331197953,294.35993826800996,882.6583483780796,232.8608991904955,1009.8495428338479,237.05401549123508,238.316143497758,797.5338943567644,213.1574456933202,766.7843748180071,200.57809679110136,791.9430726224449,122.30659251062849,621.4230097257004
labeled-data,rpicam-01_1806_20210722_212134,img07496.png,1001.4633102323687,375.42685341564254,1018.2357754353272,308.33699260380865,977.7023178615109,306.9392871702288,970.7137906936116,185.33891444877975,,,,,,,1088.1210471143208,659.1610564323569
labeled-data,rpicam-01_1806_20210722_212134,img07575.png,1069.9508764777825,368.43832624774325,1061.5646438763033,313.9278143381282,1036.4059460718656,346.0750393104653,885.4537592452393,224.47466658901624,,,,,,,1118.870566653078,647.979412963718
labeled-data,rpicam-01_1806_20210722_212134,img07624.png,1106.2912177508592,417.35801642303875,1050.3830004076642,361.44979907984384,1033.610535204706,414.56260555587903,888.249170112399,246.8379535262942,,,,,,,1109.086628618019,654.9679401316173
labeled-data,rpicam-01_1806_20210722_212134,img07671.png,1067.155465610623,421.55113272377844,1093.7118688486403,362.8475045134237,1026.6220080368064,374.0291479820627,914.8055733504166,239.8494263583949,1068.5531710442026,543.1515054452274,1058.7692330091436,459.28917943043496,1012.6449537010078,504.015753304991,856.1019451400618,301.34846543590925
labeled-data,rpicam-01_1806_20210722_212134,img07742.png,1065.7577601770429,355.8589773455244,1067.1554656106227,301.34846543590925,1060.1669384427234,322.31404693960735,891.0445809795588,223.07696115543638,1036.4059460718656,367.0406208141634,977.7023178615109,325.1094578067672,1037.8036515054455,400.58555122008033,835.1363636363637,469.0731174654941
labeled-data,rpicam-01_1806_20210722_212134,img07919.png,,,,,,,891.0445809795588,221.67925572185652,1137.0407372896163,327.9048686739269,1081.1325199464216,228.66778288975593,1071.3485819113623,327.9048686739269,836.5340690699436,420.1534272901986
labeled-data,rpicam-01_1806_20210722_212134,img07920.png,,,,,,,884.0560538116595,225.8723720225961,1170.5856676955334,312.53010890454834,1068.5531710442026,232.8608991904955,1083.9279308135813,326.50716324034704,847.7157125385827,413.1649001222992
labeled-data,rpicam-01_1806_20210722_212134,img07982.png,1067.1554656106227,573.9010249839846,1058.7692330091436,520.7882185079494,1008.451837400268,561.3216760817658,889.6468755459789,318.1209306388678,731.7061615514533,206.30449595247785,768.0465028245299,269.20124046357216,798.7960223632872,186.73661988235972,977.7023178615109,270.59894589715213
labeled-data,rpicam-01_1806_20210722_212134,img07990.png,1064.360054743463,576.6964358511444,1057.3715275755637,520.7882185079494,1009.8495428338479,559.9239706481859,868.6812940422808,305.54158173664894,,,,,,,248.10008153281711,635.400064061499
labeled-data,rpicam-01_1806_20210722_212134,img08211.png,1095.1095742822201,420.1534272901986,1078.3371090792618,327.9048686739269,1053.178411274824,376.8245588492225,854.704239706482,267.8035350299923,1044.7921786733448,663.3541727330966,1036.4059460718656,710.8761574748123,1075.541698212102,719.2623900762915,920.396395084736,856.2375225671191
labeled-data,rpicam-01_1806_20210722_212134,img08361.png,851.9088288393223,379.61996971638223,945.5550928891737,318.1209306388678,851.9088288393223,239.8494263583949,974.9069069943512,223.07696115543638,1090.9164579814806,367.0406208141634,1071.3485819113623,386.60849688428164,1093.7118688486403,460.6868848640149,836.5340690699436,484.44787723487275
labeled-data,rpicam-01_1806_20210722_212134,img08542.png,860.2950614408016,329.30257410750676,960.9298526585524,266.40582959641245,918.9986896511562,214.69072855395711,,,,,,,,,909.2147516160971,544.5492108788073
labeled-data,rpicam-01_1806_20210722_212134,img08655.png,,,,,,,,,,,,,,,,
labeled-data,rpicam-01_1806_20210722_212134,img08659.png,,,,,,,,,,,,,,,,
labeled-data,rpicam-01_1806_20210722_212134,img09065.png,836.5340690699436,200.71367421815842,893.8399918467185,185.33891444877975,,,884.0560538116595,273.39435676431185,1089.5187525479007,404.7786675208199,1043.394473239765,388.0062023178615,1040.5990623726052,455.0960631296954,836.5340690699436,517.9928076407897
labeled-data,rpicam-01_1806_20210722_212134,img09137.png,835.1363636363637,199.31596878457856,854.704239706482,227.27007745617595,875.6698212101801,176.9526818473006,1016.8380700017474,318.1209306388678,1062.9623493098832,403.38096208724005,1044.7921786733448,386.60849688428164,1039.2013569390253,464.8800011647545,846.3180071050028,498.42493157067145
labeled-data,rpicam-01_1806_20210722_212134,img09255.png,846.3180071050028,232.8608991904955,930.1803331197953,248.23565895987406,902.2262244481976,175.55497641372062,,,1044.7921786733448,664.7518781666764,1055.9738221419839,487.24328810203247,969.3160852600317,519.3905130743696,815.5684875662455,368.43832624774325
labeled-data,rpicam-01_1806_20210722_212134,img09430.png,1014.0426591345877,428.53965989167784,1022.4288917360668,339.0865121425659,994.4747830644694,397.7901403529206,811.3753712655059,224.47466658901624,181.0102207209831,621.4230097257004,120.90888707704863,597.6620173548424,144.66987944790645,635.400064061499,155.85152291654543,736.03485527925
labeled-data,rpicam-01_1806_20210722_212134,img09451.png,974.9069069943512,445.31212509463626,1029.417418903966,362.8475045134237,972.1114961271915,394.9947294857608,818.3638984334054,235.65631005765522,,,,,,,496.89164871003453,190.9297361830993
labeled-data,rpicam-01_1806_20210722_212134,img09739.png,920.396395084736,572.5033195504047,917.6009842175763,531.9698619765884,893.8399918467185,582.2872575854639,615.6966105643237,428.53965989167784,1043.394473239765,408.9717838215596,1078.3371090792618,351.6658610447847,1048.9852949740844,361.44979907984384,967.9183798264517,199.31596878457856
labeled-data,rpicam-01_1806_20210722_212134,img09833.png,229.92991089627873,258.0195969949332,248.10008153281711,274.7920621978917,241.1115543649177,227.27007745617595,502.48247044435396,171.36186011298105,1064.360054743463,413.1649001222992,1092.3141634150604,365.64291538058353,1033.610535204706,350.26815561120486,1005.6564265331083,213.29302312037726
labeled-data,rpicam-01_1806_20210722_212134,img09932.png,77.58001863607257,460.6868848640149,106.93183274124993,408.9717838215596,81.77313493681214,374.0291479820627,196.38498049036178,210.49761225321754,1088.1210471143208,427.14195445809787,1090.9164579814806,378.22226428280237,1050.3830004076642,379.61996971638223,1004.2587210995284,216.08843398753697
labeled-data,rpicam-01_1806_20210722_212134,img09993.png,239.71384893133785,375.42685341564254,189.39645332246238,339.0865121425659,165.63546095160456,417.35801642303875,99.94330557335053,365.64291538058353,1095.1095742822201,439.7213033603168,1095.1095742822201,376.8245588492225,1053.178411274824,393.5970240521809,1014.0426591345877,221.67925572185652
labeled-data,rpicam-01_1806_20210722_212134,img10062.png,245.30467066565728,311.13240347096837,179.61251528740326,281.7805893657911,176.81710442024354,350.26815561120486,102.73871644051025,381.0176751499621,717.7291072156545,509.6065750393104,843.5225962378431,492.834109836352,768.0465028245299,429.9373653252577,983.2931395958303,287.37141110011055
labeled-data,rpicam-01_1806_20210722_212134,img10090.png,246.70237609923714,280.38288393221114,179.61251528740326,252.42877526061375,181.0102207209831,332.0979849746665,120.90888707704863,417.35801642303875,960.9298526585524,313.9278143381282,935.7711548541147,318.1209306388678,981.8954341622505,362.8475045134237,797.3983169297073,632.6046531943393
labeled-data,rpicam-01_1806_20210722_212134,img10307.png,127.89741424494792,367.0406208141634,140.47676314716688,319.51863607244763,108.32953817482979,302.7461708694892,242.50925979849757,162.97562751150178,,,,,,,1123.0636829538178,477.45935006697334
labeled-data,rpicam-01_1806_20210722_212134,img10339.png,204.77121309184105,768.1820802515871,194.98727505678193,737.4325607128299,165.63546095160456,761.1935530836877,134.88594141284733,572.5033195504047,,,,,,,986.08855046299,642.3885912293985
labeled-data,rpicam-01_1806_20210722_212134,img10420.png,921.7941005183159,701.0922194397531,960.9298526585524,663.3541727330966,913.4078679168367,685.7174596703745,759.6602702230507,414.56260555587903,,,,,,,1026.6220080368064,826.8857084619417
labeled-data,rpicam-01_1806_20210722_212134,img10554.png,1095.1095742822201,244.04254265913448,1081.1325199464216,285.9737056665307,1028.0197134703863,209.09990681963768,763.8533865237903,325.1094578067672,1064.360054743463,554.3331489138664,1058.7692330091436,469.0731174654941,980.4977287286706,506.8111641721507,913.4078679168367,238.45172092481494
labeled-data,rpicam-01_1806_20210722_212134,img10596.png,,,,,,,948.3505037563336,137.8169297070641,1025.2243026032265,308.33699260380865,988.8839613301498,301.34846543590925,1044.7921786733448,388.0062023178615,812.7730766990858,462.0845902975948
labeled-data,rpicam-01_1806_20210722_212134,img10691.png,1096.5072797158,415.9603109894589,1083.9279308135813,311.13240347096837,1039.2013569390253,358.6543882126841,893.8399918467185,245.44024809271434,1088.1210471143208,568.3102032496652,1041.996767806185,495.62952070351173,1025.2243026032265,568.3102032496652,783.4212625939085,417.35801642303875
labeled-data,rpicam-01_1806_20210722_212134,img10754.png,1043.394473239765,396.39243491934064,1012.6449537010078,340.48421757614574,995.8724884980493,434.1304816259973,766.64879739095,393.5970240521809,,,,,,,1057.3715275755637,748.6142041814688
labeled-data,rpicam-01_1806_20210722_212134,img10784.png,,,,,,,821.1593093005652,404.7786675208199,1041.996767806185,522.1859239415293,1016.8380700017474,590.6734901869431,1064.360054743463,593.4689010541028,1018.2357754353272,750.0119096150487
labeled-data,rpicam-01_1806_20210722_212134,img10804.png,,,,,,,,,763.8533865237903,196.52055791741873,761.0579756566306,220.28155028827666,828.1478364684644,234.25860462407536,787.6143788946481,569.707908683245
labeled-data,rpicam-01_1806_20210722_212134,img10903.png,,,,,,,770.8419136916898,224.47466658901624,,,,,,,861.6927668743815,576.6964358511443
labeled-data,rpicam-01_1806_20210722_212134,img10928.png,1023.8265971696467,343.27962844330546,1016.8380700017474,252.42877526061386,1022.4288917360668,306.9392871702289,772.2396191252697,234.25860462407536,928.7826276862154,350.26815561120486,953.9413254906533,483.0501718012929,1033.610535204706,450.9029468289557,847.7157125385827,607.4459553899017
labeled-data,rpicam-01_1806_20210722_212134,img10983.png,,,,,1025.2243026032265,234.25860462407536,779.228146293169,217.48613942111683,1135.6430318560365,322.31404693960746,,,1111.8820394851787,434.1304816259974,892.4422864131386,471.8685283326539
labeled-data,rpicam-01_1806_20210722_212134,img11075.png,1076.939403645682,266.40582959641245,1011.2472482674277,277.5874730650513,1015.4403645681675,305.54158173664894,856.1019451400618,179.7480927144602,,,1081.1325199464216,439.7213033603168,1086.723341680741,450.9029468289558,942.759682022014,703.8876303069128
labeled-data,rpicam-01_1806_20210722_212134,img11173.png,1096.5072797158002,396.39243491934076,1083.9279308135813,325.1094578067672,1040.5990623726052,375.42685341564254,828.1478364684644,253.8264806941936,979.1000232950908,538.9583891444878,1009.8495428338479,477.45935006697334,962.3275580921322,534.7652728437482,742.8878050200922,397.7901403529205
labeled-data,rpicam-01_1806_20210722_212134,img11185.png,1099.30269058296,376.8245588492225,1081.1325199464216,294.35993826800996,1048.9852949740844,374.0291479820627,835.1363636363637,253.8264806941936,920.396395084736,592.071195620523,973.5092015607713,566.9124978160853,898.033108147458,561.3216760817658,829.5455419020443,323.7117523731873
labeled-data,rpicam-01_1806_20210722_212134,img11281.png,1026.6220080368064,505.41345873857085,1029.417418903966,435.52818705957714,979.1000232950908,470.47082289907394,,,,,808.5799603983462,108.46511560188674,956.7367363578128,128.03299167200498,835.1363636363637,443.9144196610564
labeled-data,rpicam-01_1806_20210722_212134,img11302.png,,,,,1062.9623493098832,434.1304816259973,836.5340690699436,297.1553491351697,227.134500029119,857.6352280006989,150.260701182226,751.4096150486286,97.14789470619081,765.3866693844273,148.86299574864603,476.0616446333935
labeled-data,rpicam-01_1806_20210722_212134,img11370.png,1114.6774503523384,455.0960631296954,1074.143992778522,422.9488381573583,1074.143992778522,473.26623376623377,844.920301671423,323.7117523731873,,,,,,,220.1459728612196,726.2509172441909
labeled-data,rpicam-01_1806_20210722_212134,img11474.png,1060.1669384427234,390.8016131850212,1008.451837400268,388.0062023178615,1051.780705841244,456.49376856327524,937.1688602876948,639.5931803622386,301.2128880088522,909.3503290431543,227.134500029119,829.6811193291014,203.37350765826108,871.6122823364976,88.76166210471155,551.5377380467066
labeled-data,rpicam-01_1806_20210722_212134,img11697.png,945.5550928891737,290.16682196727027,979.1000232950908,312.53010890454823,1035.0082406382858,323.7117523731873,997.2701939316291,573.9010249839846,283.0427173723139,910.7480344767341,217.3505619940599,829.6811193291014,139.07905771358702,842.2604682313204,94.35248383903098,537.5606837109079
labeled-data,rpicam-01_1806_20210722_212134,img11718.png,1107.688923184439,346.0750393104653,,,,,917.6009842175763,558.526265214606,612.901199697164,738.8302661464097,577.9585638576673,705.2853357404928,547.20904431891,810.1132432589833,132.0905305456876,538.9583891444878
labeled-data,rpicam-01_1806_20210722_212134,img11750.png,1023.8265971696467,442.51671422747654,1000.0656047987889,452.30065226253566,1040.5990623726052,513.7996913400501,832.340952769204,645.1840020965582,1067.1554656106227,358.6543882126841,1043.394473239765,311.1324034709685,1058.7692330091436,386.60849688428164,815.5684875662457,326.50716324034704
labeled-data,rpicam-01_1806_20210722_212134,img11751.png,1041.996767806185,453.6983576961155,1016.8380700017474,443.9144196610564,1039.2013569390253,537.5606837109079,822.557014734145,628.4115368935998,1071.3485819113623,365.64291538058353,1040.5990623726052,309.7346980373885,1043.394473239765,374.0291479820627,839.3294799371035,339.0865121425659
labeled-data,rpicam-01_1806_20210722_212134,img12047.png,463.3467183041175,189.53203074951944,364.1096325199465,158.7825112107622,366.90504338710633,197.9182633509987,161.44234465086498,298.55305456874953,1079.7348145128417,534.7652728437482,1051.780705841244,564.1170869489255,1086.723341680741,611.6390716906412,920.396395084736,801.727010657504
labeled-data,rpicam-01_1806_20210722_212134,img12147.png,160.044639217285,544.5492108788073,62.205258866693896,576.6964358511444,120.90888707704863,667.5472890338361,,,1148.2223807582554,326.50716324034704,1068.5531710442026,235.65631005765522,1092.3141634150604,313.9278143381282,822.557014734145,299.9507600023294
labeled-data,rpicam-01_1806_20210722_212134,img12156.png,200.57809679110136,371.23373711490297,297.0197717081126,400.58555122008033,302.61059344243216,291.56452740085024,790.4097897618078,480.25476093413306,1146.8246753246756,322.31404693960735,1055.9738221419839,235.65631005765522,1082.5302253800014,299.9507600023294,822.557014734145,294.35993826800996
labeled-data,rpicam-01_1806_20210722_212134,img12166.png,730.3084561178734,287.37141110011055,675.7979442082583,242.64483722555462,707.9451691805953,311.13240347096837,252.2931978335567,681.5243433696348,1141.233853590356,306.9392871702288,1067.1554656106227,260.815007862093,1124.4613883873976,351.6658610447847,819.7616038669853,306.9392871702288
labeled-data,rpicam-01_1806_20210722_212134,img12180.png,1082.5302253800014,566.9124978160853,1054.5761167084038,501.22034243783116,1002.8610156659486,552.9354434802865,914.8055733504166,245.44024809271434,1144.0292644575159,315.32551977170806,1054.5761167084038,227.27007745617595,1079.7348145128417,295.7576437015898,815.5684875662455,315.32551977170806
labeled-data,rpicam-01_1806_20210722_212134,img12324.png,967.9183798264517,371.23373711490297,944.1573874555938,399.1878457865005,1018.2357754353272,410.36948925513946,1011.2472482674277,706.6830411740726,1088.1210471143208,388.0062023178615,1060.1669384427234,290.16682196727027,1015.4403645681675,354.46127191194444,789.012084328228,267.8035350299923
labeled-data,rpicam-01_1806_20210722_212134,img12381.png,,,,,113.92035990914923,209.09990681963768,352.9279890513075,722.0578009434512,1072.7462873449422,259.41730242851304,986.08855046299,202.11137965173828,1005.6564265331083,304.1438763030691,786.2166734610682,287.37141110011055
labeled-data,rpicam-01_1806_20210722_212134,img12400.png,,,,,,,162.84005008444484,673.1381107681557,1149.6200861918353,320.9163415060275,1067.1554656106227,253.8264806941936,1076.939403645682,346.0750393104653,804.3868440976066,292.9622328344301
labeled-data,rpicam-01_1806_20210722_212134,img12406.png,,,,,,,125.10200337778821,748.6142041814688,1141.233853590356,311.13240347096837,1071.3485819113623,214.69072855395711,1074.143992778522,295.7576437015898,791.8074951953877,283.178294799371
labeled-data,rpicam-01_1806_20210722_212134,img12530.png,181.0102207209831,392.19931861860107,120.90888707704863,415.9603109894589,143.2721740143266,435.52818705957714,140.47676314716688,649.3771183972979,1155.2109079261547,353.0635664783646,1065.7577601770429,304.1438763030691,1082.5302253800014,385.21079145070166,797.3983169297073,301.34846543590925
labeled-data,rpicam-01_1806_20210722_212134,img12560.png,248.10008153281711,231.46319375691564,174.02169355308382,245.44024809271434,218.74826742763975,246.8379535262942,162.84005008444484,463.48229573117464,519.2549356473125,190.9297361830993,596.1287344942054,189.53203074951944,615.6966105643237,130.8284025391647,846.3180071050028,396.39243491934064
labeled-data,rpicam-01_1806_20210722_212134,img12628.png,882.6583483780796,835.271941063421,920.3963950847358,803.1247160910839,871.4767049094405,819.8971812940425,884.0560538116595,561.3216760817658,482.9145943742357,536.162978277328,544.4136334517502,452.30065226253566,442.38113680041937,410.36948925513957,710.7405800477552,237.05401549123508
labeled-data,rpicam-01_1806_20210722_212134,img12717.png,457.75589656979804,723.455506377031,443.77884223399934,818.4994758604626,459.1536020033779,763.9889639508474,727.5130452507135,821.2948867276223,129.2951196785279,230.06548832333579,119.51118164346877,258.0195969949332,165.63546095160456,197.9182633509987,287.2358336730535,318.1209306388678
labeled-data,rpicam-01_1806_20210722_212134,img12790.png,695.3658202783765,692.7059868382739,640.8553083687614,808.7155378254033,737.2969832857727,818.4994758604626,,,536.0274008502711,703.8876303069128,452.1650748354785,729.0463281113506,512.266408479413,803.1247160910839,,
labeled-data,rpicam-01_1806_20210722_212134,img12901.png,861.6927668743815,476.0616446333935,886.8514646788192,522.1859239415293,952.5436200570732,527.7767456758488,772.2396191252694,835.271941063421,565.3792149554483,142.01004600780368,473.1306563391766,144.8054568749635,569.5723312561879,179.7480927144603,267.66795760293525,715.0692737755519
labeled-data,rpicam-01_1806_20210722_212134,img12989.png,840.7271853706834,590.6734901869431,884.0560538116595,561.3216760817658,801.5914332304469,550.1400326131268,775.0350299924294,265.0081241628326,248.10008153281711,719.2623900762915,291.4289499737932,829.6811193291014,308.2014151767516,775.1706074194865,654.8323627045602,798.9315997903443
labeled-data,rpicam-01_1806_20210722_212134,img13058.png,935.7711548541147,558.526265214606,1005.6564265331083,524.9813348086891,945.5550928891737,495.62952070351173,937.1688602876945,281.7805893657911,1054.5761167084038,647.979412963718,1068.5531710442026,717.8646846427116,1051.780705841244,695.5013977054336,861.6927668743815,780.7614291538059
labeled-data,rpicam-01_1806_20210722_212134,img13067.png,495.49394327645456,833.8742356298411,554.1975714868092,850.6467008327995,520.6526410808924,807.3178323918235,769.4442082581097,636.7977694950789,1116.0751557859182,603.252839089162,1068.5531710442026,653.5702346980374,1099.30269058296,660.5587618659367,939.9642711548543,808.7155378254033
labeled-data,rpicam-01_1806_20210722_212134,img13186.png,716.3314017820747,835.2719410634211,836.5340690699436,807.3178323918235,783.4212625939085,758.398142216528,998.667899365209,569.707908683245,418.62014442956155,790.545367188865,445.1765476675792,850.6467008327995,440.9834313668395,805.9201269582436,735.8992778521929,845.0558790984801
labeled-data,rpicam-01_1806_20210722_212134,img13260.png,,,,,,,120.90888707704863,611.6390716906412,1062.9623493098832,474.6639391998136,1002.8610156659486,490.0386989691922,1046.1898841069246,513.7996913400501,797.3983169297073,667.5472890338361
labeled-data,rpicam-01_1806_20210722_212134,img13403.png,1014.0426591345877,659.1610564323569,1053.178411274824,716.4669792091318,1041.996767806185,772.3751965523267,863.0904723079614,826.8857084619417,720.5245180828142,186.73661988235972,1051.780705841244,265.0081241628326,998.667899365209,206.30449595247785,984.6908450294102,267.8035350299923
labeled-data,rpicam-01_1806_20210722_212134,img13440.png,,,,,,,1082.5302253800014,483.0501718012929,1092.3141634150604,241.24713179197477,,,,,920.396395084736,260.815007862093
labeled-data,rpicam-01_1806_20210722_212134,img13652.png,380.88209772290503,84.70412323102892,162.84005008444484,358.6543882126841,403.245384660183,466.27770659833436,347.3371673169881,751.4096150486286,1040.5990623726052,154.58939491002252,977.7023178615109,105.66970473472702,1018.2357754353272,155.9871003436025,763.8533865237903,223.07696115543638
labeled-data,rpicam-01_1806_20210722_212134,img13833.png,155.85152291654543,928.9182051132725,,,,,81.77313493681214,592.071195620523,,,,,,,250.89549239997683,242.64483722555462
labeled-data,rpicam-01_1806_20210722_212134,img13878.png,,,,,,,183.80563158814294,709.4784520412325,878.4652320773398,777.9660182866462,856.1019451400618,757.0004367829481,840.7271853706834,824.090297594782,533.2319899831111,768.1820802515871
labeled-data,rpicam-01_1806_20210722_212134,img13900.png,,,,,,,,,,,,,,,993.0770776308896,768.182080251587
labeled-data,rpicam-01_1806_20210722_212134,img14048.png,,,,,,,1072.7462873449422,538.9583891444878,,,,,,,,
labeled-data,rpicam-01_1806_20210722_212134,img14050.png,,,,,,,1068.5531710442026,538.9583891444878,,,,,,,,
labeled-data,rpicam-01_1806_20210722_212134,img14152.png,,,,,,,1090.9164579814806,566.9124978160853,,,,,,,,
labeled-data,rpicam-01_1806_20210722_212134,img14200.png,749.8763321879915,415.9603109894589,800.193727796867,455.0960631296954,839.3294799371035,376.8245588492225,1004.2587210995284,592.071195620523,,,,,,,411.63161726166226,685.7174596703745
labeled-data,rpicam-01_1806_20210722_212134,img14230.png,,,,,,,,,,,,,,,536.0274008502711,664.7518781666764
labeled-data,rpicam-01_1806_20210722_212134,img14275.png,207.56662395900076,631.2069477607595,137.68135228000705,647.979412963718,183.80563158814294,685.7174596703745,158.64693378370515,775.1706074194865,231.32761632985859,610.2413662570614,253.69090326713655,589.2757847533633,241.1115543649177,512.4019859064701,536.0274008502711,494.2318152699319
labeled-data,rpicam-01_1806_20210722_212134,img14342.png,1146.8246753246756,360.052093646264,1067.1554656106227,288.7691165336904,1088.1210471143208,362.8475045134237,830.9432473356242,358.6543882126841,160.044639217285,661.9564672995166,182.40792615456309,667.5472890338361,169.82857725234413,634.0023586279192,386.47291945722446,569.707908683245
labeled-data,rpicam-01_1806_20210722_212134,img14651.png,1146.8246753246756,346.0750393104653,1065.7577601770429,290.16682196727027,1085.3256362471611,360.052093646264,808.5799603983462,404.7786675208199,,,,,,,207.56662395900076,758.398142216528
labeled-data,rpicam-01_1806_20210722_212134,img14742.png,1138.4384427231962,304.1438763030691,1057.3715275755637,217.48613942111683,1086.723341680741,273.39435676431185,802.9891386640268,383.8130860171218,,,,,1048.9852949740844,414.56260555587903,840.7271853706834,590.6734901869431
labeled-data,rpicam-01_1806_20210722_212134,img14769.png,917.6009842175763,123.8398753712654,875.6698212101801,313.9278143381281,1033.6105352047057,333.49569040824633,809.9776658319261,543.1515054452275,1135.6430318560365,369.8360316813231,1067.1554656106227,285.9737056665307,1062.9623493098832,374.0291479820627,777.8304408595891,242.6448372255545
labeled-data,rpicam-01_1806_20210722_212134,img14793.png,399.0522683594433,843.6581736649002,316.58764777823086,801.727010657504,273.2587793372548,866.0214606021782,143.2721740143266,427.14195445809787,1128.6545046881372,301.34846543590925,1048.9852949740844,211.8953176867974,1068.5531710442026,316.7232252052879,770.8419136916896,346.0750393104653
labeled-data,rpicam-01_1806_20210722_212134,img14817.png,,,,,,,108.32953817482979,580.889552151884,1135.6430318560365,304.1438763030691,1068.5531710442026,228.66778288975593,1089.5187525479007,320.9163415060275,772.2396191252694,354.46127191194444
labeled-data,rpicam-01_1806_20210722_212134,img14827.png,538.8228117174308,770.9774911187468,463.3467183041175,852.0444062663795,502.48247044435396,772.3751965523267,81.77313493681214,656.3656455651972,1124.4613883873976,313.9278143381282,1037.8036515054455,256.6218915613533,1057.3715275755637,347.47274474404514,755.4671539223111,365.64291538058353
labeled-data,rpicam-01_1806_20210722_212134,img14859.png,,,,,,,111.12494904198951,620.0253042921204,716.3314017820746,77.71559606312951,763.8533865237903,214.69072855395711,886.8514646788192,200.71367421815842,748.4786267544116,404.7786675208199
labeled-data,rpicam-01_1806_20210722_212134,img14880.png,,,,,,,168.43087181876427,751.4096150486286,257.8840195678761,183.9412090151999,319.3830586453906,200.71367421815842,355.72339991846735,130.8284025391647,675.7979442082583,256.6218915613533
labeled-data,rpicam-01_1806_20210722_212134,img14900.png,,,439.58572593325965,10.62573525129551,545.8113388853301,9.228029817715651,540.2205171510107,340.48421757614574,243.90696523207743,860.4306388678588,221.54367829479946,843.6581736649002,179.61251528740326,850.6467008327995,70.59149146817316,541.7538000116475
labeled-data,rpicam-01_1806_20210722_212134,img14933.png,1096.5072797158,708.0807466076525,1048.9852949740844,720.6600955098713,1035.0082406382858,796.1361889231846,794.6029060625474,730.4440335449304,1065.7577601770429,519.3905130743696,1026.6220080368064,488.6409935356123,1033.610535204706,565.5147923825054,763.8533865237903,618.6275988585405
labeled-data,rpicam-01_1806_20210722_212134,img15118.png,,,,,,,126.49970881136807,517.9928076407897,1079.7348145128417,223.07696115543638,1001.4633102323687,140.61234057422382,1039.2013569390253,196.52055791741873,789.012084328228,294.35993826800996
labeled-data,rpicam-01_1806_20210722_212134,img15168.png,129.2951196785279,262.21271329567287,45.43279366373548,385.21079145070166,105.53412730766996,320.9163415060275,456.3581911362182,659.1610564323569,1134.2453264224566,301.34846543590925,1065.7577601770429,251.0310698270339,1089.5187525479007,332.0979849746666,808.5799603983462,266.40582959641256
labeled-data,rpicam-01_1806_20210722_212134,img15177.png,35.64885562867636,561.3216760817658,60.80755343311404,636.7977694950789,65.00066973385373,519.3905130743696,475.9260672063364,660.5587618659367,1144.0292644575159,323.7117523731873,1074.143992778522,234.25860462407536,1089.5187525479007,336.29110127540616,816.9661929998256,270.59894589715213
labeled-data,rpicam-01_1806_20210722_212134,img15264.png,,,,,,,203.37350765826108,367.0406208141634,958.1344417913926,590.6734901869431,990.2816667637298,466.27770659833436,892.4422864131386,480.25476093413306,804.3868440976066,270.59894589715213
labeled-data,rpicam-01_1806_20210722_212134,img15333.png,892.4422864131386,773.7729019859066,953.9413254906531,814.3063595597229,959.5321472249725,757.0004367829481,1051.780705841244,691.3082814046941,1081.1325199464216,195.12285248383887,998.667899365209,154.58939491002252,1050.3830004076642,218.8838448546968,793.2052006289675,322.31404693960735
labeled-data,rpicam-01_1806_20210722_212134,img15345.png,863.0904723079614,572.5033195504047,888.249170112399,640.9908857958185,928.7826276862154,611.6390716906412,960.9298526585524,804.5224215246637,1104.8935123172794,228.66778288975593,1025.2243026032265,155.9871003436025,1043.394473239765,225.8723720225961,796.0006114961275,294.35993826800996
labeled-data,rpicam-01_1806_20210722_212134,img15474.png,,,,,,,1048.9852949740844,794.7384834896047,220.1459728612196,772.3751965523267,175.41939898666368,754.2050259157884,157.2492283501253,762.5912585172675,140.47676314716688,589.2757847533633
labeled-data,rpicam-01_1806_20210722_212134,img15633.png,1146.8246753246756,327.9048686739269,1072.7462873449422,249.63336439345403,1096.5072797158,343.27962844330546,821.1593093005652,400.58555122008033,239.71384893133785,544.5492108788073,227.134500029119,488.6409935356123,190.79415875604224,483.0501718012929,232.72532176343844,231.46319375691564
labeled-data,rpicam-01_1806_20210722_212134,img15640.png,1164.994845961214,294.35993826800996,1078.3371090792618,242.64483722555462,1113.2797449187585,305.54158173664894,823.9547201677249,401.9832566536602,310.9968260439113,499.8226370042513,257.8840195678761,471.8685283326539,229.92991089627873,499.8226370042513,228.53220546269887,227.27007745617595
labeled-data,rpicam-01_1806_20210722_212134,img15681.png,1158.0063187933144,294.35993826800996,1082.5302253800014,262.21271329567287,1116.0751557859182,320.9163415060275,815.5684875662455,418.7557218566187,,,,,,,109.72724360840965,499.8226370042513
labeled-data,rpicam-01_1806_20210722_212134,img15730.png,1146.8246753246756,298.55305456874953,1079.7348145128417,245.44024809271434,1106.2912177508592,291.56452740085024,801.5914332304469,379.61996971638223,1062.9623493098832,516.5951022072098,1022.4288917360668,491.43640440277204,1016.8380700017474,580.889552151884,747.0809213208317,656.3656455651972
labeled-data,rpicam-01_1806_20210722_212134,img15742.png,1145.4269698910957,311.13240347096837,1074.143992778522,242.64483722555462,1107.688923184439,311.13240347096837,791.8074951953877,376.8245588492225,1071.3485819113623,474.6639391998136,1012.6449537010078,477.45935006697334,1051.780705841244,533.3675674101682,769.4442082581097,561.3216760817658
labeled-data,rpicam-01_1806_20210722_212134,img15807.png,1141.233853590356,311.13240347096837,1085.3256362471611,258.0195969949332,1090.9164579814806,325.1094578067672,789.012084328228,346.0750393104653,,,,,,,909.2147516160971,457.8914739968551
labeled-data,rpicam-01_1806_20210722_212134,img15833.png,1144.0292644575159,326.50716324034704,1062.9623493098832,267.8035350299923,1085.3256362471611,348.870450177625,815.5684875662455,406.17637295439977,981.8954341622505,494.2318152699319,1058.7692330091436,446.7098305282161,1008.451837400268,413.1649001222992,981.8954341622505,197.9182633509987
labeled-data,rpicam-01_1806_20210722_212134,img15890.png,1121.665977520238,385.21079145070166,1048.9852949740844,386.60849688428164,1068.5531710442026,467.6754120319142,809.9776658319261,425.744249024518,1117.472861219498,291.56452740085024,1046.1898841069246,175.55497641372062,1050.3830004076642,251.0310698270339,850.5111234057424,178.35038728088045
labeled-data,rpicam-01_1806_20210722_212134,img15935.png,1144.0292644575159,313.9278143381282,1074.143992778522,228.66778288975593,1095.1095742822201,297.1553491351697,789.012084328228,407.57407838797974,,,,,,,789.012084328228,239.8494263583949
labeled-data,rpicam-01_1806_20210722_212134,img16042.png,1155.2109079261547,358.6543882126841,1079.7348145128417,283.178294799371,1096.5072797158,357.25668277910427,789.012084328228,425.744249024518,,,,,,,868.6812940422808,214.69072855395711
labeled-data,rpicam-01_1806_20210722_212134,img16218.png,1095.1095742822201,346.0750393104653,1018.2357754353272,304.1438763030691,1079.7348145128417,376.8245588492225,833.7386582027839,564.1170869489255,853.3065342729021,390.8016131850212,,,,,,
labeled-data,rpicam-01_1806_20210722_212134,img16316.png,1060.1669384427234,311.13240347096837,1004.2587210995284,292.9622328344301,1002.8610156659486,249.63336439345403,800.193727796867,189.53203074951944,,,,,,,849.1134179721626,502.61804787141114
labeled-data,rpicam-01_1806_20210722_212134,img16383.png,1138.4384427231962,379.61996971638223,1103.4958068836995,265.0081241628326,1072.7462873449422,309.7346980373885,826.7501310348846,183.9412090151999,,,1008.451837400268,312.53010890454823,1051.780705841244,382.41538058354195,902.2262244481976,545.9469163123872
labeled-data,rpicam-01_1806_20210722_212134,img16404.png,1149.6200861918353,385.21079145070166,1116.0751557859182,285.9737056665307,1082.5302253800014,329.30257410750676,836.5340690699436,174.15727098014077,,,,,,,870.0789994758607,561.3216760817658
labeled-data,rpicam-01_1806_20210722_212134,img16431.png,1139.836148156776,320.9163415060275,1083.9279308135813,333.49569040824633,1076.939403645682,262.21271329567287,763.8533865237903,234.25860462407536,939.9642711548543,348.870450177625,991.6793721973097,424.34654359093815,1039.2013569390253,411.7671946887193,960.9298526585524,664.7518781666764
labeled-data,rpicam-01_1806_20210722_212134,img16458.png,1156.6086133597346,360.052093646264,1081.1325199464216,277.5874730650514,1092.3141634150604,337.688806708986,777.8304408595891,237.05401549123508,,,980.4977287286706,346.0750393104653,1037.8036515054455,354.46127191194444,914.8055733504166,620.0253042921204
labeled-data,rpicam-01_1806_20210722_212134,img16628.png,227.134500029119,323.7117523731873,193.58956962320207,231.46319375691564,151.65840661580586,292.9622328344301,276.0541902044145,182.54350358162003,998.667899365209,365.64291538058353,1015.4403645681675,312.53010890454823,983.2931395958303,339.0865121425659,830.9432473356242,162.97562751150178
labeled-data,rpicam-01_1806_20210722_212134,img16688.png,194.98727505678198,832.4765301962611,171.22628268592393,818.4994758604627,148.86299574864597,832.4765301962611,78.97772406965237,531.9698619765884,1060.1669384427234,536.1629782773281,1047.5875895405045,435.52818705957714,984.6908450294102,467.67541203191433,923.1918059518957,241.24713179197477
labeled-data,rpicam-01_1806_20210722_212134,img16786.png,934.3734494205348,432.7327761924174,872.8744103430204,463.48229573117464,932.975743986955,527.7767456758488,668.809417040359,752.8073204822085,853.3065342729021,371.23373711490297,951.1459146234934,365.64291538058353,906.4193407489374,278.9851784986313,1040.5990623726052,309.7346980373885
labeled-data,rpicam-01_1806_20210722_212134,img16796.png,1127.2567992545573,362.8475045134237,1075.541698212102,385.21079145070166,1124.4613883873976,477.45935006697334,847.7157125385827,551.5377380467066,847.7157125385827,355.8589773455244,931.5780385533751,361.44979907984384,898.033108147458,281.7805893657911,1011.2472482674277,284.57600023295083
labeled-data,rpicam-01_1806_20210722_212134,img16854.png,,,,,,,137.68135228000705,516.5951022072098,840.7271853706834,371.23373711490297,939.9642711548543,414.56260555587903,889.6468755459789,320.9163415060275,1035.0082406382858,325.1094578067672
labeled-data,rpicam-01_1806_20210722_212134,img16913.png,190.79415875604224,211.8953176867974,134.88594141284733,237.05401549123508,179.61251528740326,225.8723720225961,197.78268592394164,434.1304816259973,870.0789994758607,301.34846543590925,934.3734494205348,354.46127191194444,920.396395084736,258.0195969949332,1055.9738221419839,325.1094578067672
labeled-data,rpicam-01_1806_20210722_212134,img17071.png,187.99874788888252,410.36948925513946,200.57809679110136,371.23373711490297,157.2492283501253,343.27962844330546,285.83812823947363,167.16874381224147,934.3734494205348,481.65246636771303,998.667899365209,415.9603109894589,909.2147516160971,371.23373711490297,986.08855046299,248.23565895987406
labeled-data,rpicam-01_1806_20210722_212134,img17108.png,317.9853532118107,828.2834138955216,183.80563158814294,751.4096150486286,150.260701182226,815.7040649933028,143.2721740143266,480.25476093413306,898.033108147458,379.61996971638223,1007.0541319666881,393.5970240521809,952.5436200570732,358.6543882126841,1015.4403645681675,248.23565895987406
labeled-data,rpicam-01_1806_20210722_212134,img17164.png,618.4920214314834,715.0692737755519,529.0388736823716,673.1381107681557,517.8572302137325,782.1591345873858,118.11347620988892,505.41345873857085,580.753974724827,752.8073204822085,670.2071224739389,752.8073204822085,629.6736649001225,670.342699900996,921.7941005183159,513.7996913400501
labeled-data,rpicam-01_1806_20210722_212134,img17239.png,260.67943043503595,508.20886960573057,147.46529031506617,502.61804787141114,210.36203482616048,614.434482557801,143.2721740143266,741.6256770135694,97.14789470619081,206.30449595247785,104.1364218740901,277.5874730650514,141.87446858074674,207.70220138605782,245.30467066565728,422.9488381573583
labeled-data,rpicam-01_1806_20210722_212134,img17323.png,1004.2587210995284,517.9928076407897,1035.0082406382858,450.9029468289558,969.3160852600317,474.6639391998136,853.3065342729021,270.59894589715213,229.92991089627873,199.31596878457856,174.02169355308382,216.08843398753697,224.33908916195918,216.08843398753697,235.52073263059816,417.35801642303875
labeled-data,rpicam-01_1806_20210722_212134,img17387.png,1072.7462873449422,569.707908683245,1053.178411274824,516.5951022072098,1000.0656047987889,541.7538000116475,849.1134179721626,322.31404693960735,187.99874788888252,726.2509172441909,73.38690233533288,589.2757847533633,94.35248383903098,586.4803738862036,255.0886087007164,309.7346980373885
labeled-data,rpicam-01_1806_20210722_212134,img17405.png,1009.8495428338479,494.2318152699319,1036.4059460718656,443.9144196610564,987.4862558965699,457.8914739968551,844.920301671423,262.21271329567287,995.8724884980493,544.5492108788073,972.1114961271915,544.5492108788073,995.8724884980493,608.8436608234815,738.6946887193526,794.7384834896047
labeled-data,rpicam-01_1806_20210722_212134,img17445.png,1125.8590938209775,357.25668277910427,1067.1554656106227,295.7576437015898,1072.7462873449422,348.870450177625,821.1593093005652,305.54158173664894,1012.6449537010078,554.3331489138664,988.8839613301498,580.889552151884,1037.8036515054455,589.2757847533633,956.7367363578128,807.3178323918235
labeled-data,rpicam-01_1806_20210722_212134,img17484.png,305.4060043095919,931.7136159804322,248.10008153281711,879.998514937977,199.1803913575215,898.1686855745153,90.1593675382914,544.5492108788073,758.2625647894708,415.9603109894589,825.3524256013047,396.39243491934064,768.0465028245299,347.47274474404514,963.7252635257121,200.71367421815842
labeled-data,rpicam-01_1806_20210722_212134,img17492.png,283.0427173723139,944.2929648826512,225.73679459553915,863.2260497350185,160.044639217285,874.4076932036575,81.77313493681214,558.526265214606,808.5799603983462,529.1744511094287,875.6698212101801,483.0501718012929,797.3983169297073,484.44787723487275,840.7271853706834,197.9182633509987
labeled-data,rpicam-01_1806_20210722_212134,img17515.png,84.56854580397186,506.8111641721507,108.32953817482979,569.707908683245,112.52265447556937,463.48229573117464,580.753974724827,664.7518781666764,1004.2587210995284,541.7538000116475,1000.0656047987889,576.6964358511444,1048.9852949740844,565.5147923825054,1015.4403645681675,779.3637237202261
labeled-data,rpicam-01_1806_20210722_212134,img17842.png,148.86299574864603,729.0463281113506,,,,,,,1000.0656047987889,509.6065750393104,972.1114961271915,538.9583891444878,1043.394473239765,541.7538000116475,994.4747830644694,768.1820802515871
labeled-data,rpicam-01_1806_20210722_212134,img17860.png,,,,,,,115.31806534272908,716.4669792091318,874.2721157766002,466.27770659833436,836.5340690699436,516.5951022072098,906.4193407489374,497.0272261370916,981.8954341622505,734.6371498456701
labeled-data,rpicam-01_1806_20210722_212134,img17968.png,238.316143497758,710.8761574748123,179.61251528740326,705.2853357404928,199.1803913575215,759.7958476501078,134.88594141284733,647.979412963718,456.3581911362182,777.9660182866462,460.55130743695776,860.4306388678588,478.72147807349614,804.5224215246637,786.2166734610682,846.45358453206
